test_loss,test_acc,test_f1,test_precision,test_roc_auc,test_pr_auc
0.00012617559696082026,1.0,0.9174832105636597,0.9174832105636597,0.9174832105636597,
