test_loss,test_acc,test_f1,test_precision,test_recall,test_mcc
0.667474627494812,0.7137699723243713,0.282995343208313,0.19111721217632294,0.6340023279190063,0.22494687139987946
